Copyright 1986-2019 Xilinx, Inc. All Rights Reserved.
--------------------------------------------------------------------------------------------------------------------------------------------------------------------------------------------------------------------------------------
| Tool Version : Vivado v.2019.2 (lin64) Build 2708876 Wed Nov  6 21:39:14 MST 2019
| Date         : Mon Jun 20 18:49:00 2022
| Host         : domenico2100 running 64-bit Ubuntu 22.04 LTS
| Command      : report_timing_summary -max_paths 10 -file divisore_di_frequenza_timing_summary_routed.rpt -pb divisore_di_frequenza_timing_summary_routed.pb -rpx divisore_di_frequenza_timing_summary_routed.rpx -warn_on_violation
| Design       : divisore_di_frequenza
| Device       : 7z010-clg400
| Speed File   : -1  PRODUCTION 1.11 2014-09-11
--------------------------------------------------------------------------------------------------------------------------------------------------------------------------------------------------------------------------------------

Timing Summary Report

------------------------------------------------------------------------------------------------
| Timer Settings
| --------------
------------------------------------------------------------------------------------------------

  Enable Multi Corner Analysis               :  Yes
  Enable Pessimism Removal                   :  Yes
  Pessimism Removal Resolution               :  Nearest Common Node
  Enable Input Delay Default Clock           :  No
  Enable Preset / Clear Arcs                 :  No
  Disable Flight Delays                      :  No
  Ignore I/O Paths                           :  No
  Timing Early Launch at Borrowing Latches   :  No
  Borrow Time for Max Delay Exceptions       :  Yes
  Merge Timing Exceptions                    :  Yes

  Corner  Analyze    Analyze    
  Name    Max Paths  Min Paths  
  ------  ---------  ---------  
  Slow    Yes        Yes        
  Fast    Yes        Yes        



check_timing report

Table of Contents
-----------------
1. checking no_clock
2. checking constant_clock
3. checking pulse_width_clock
4. checking unconstrained_internal_endpoints
5. checking no_input_delay
6. checking no_output_delay
7. checking multiple_clock
8. checking generated_clocks
9. checking loops
10. checking partial_input_delay
11. checking partial_output_delay
12. checking latch_loops

1. checking no_clock
--------------------
 There are 0 register/latch pins with no clock.


2. checking constant_clock
--------------------------
 There are 0 register/latch pins with constant_clock.


3. checking pulse_width_clock
-----------------------------
 There are 0 register/latch pins which need pulse_width check


4. checking unconstrained_internal_endpoints
--------------------------------------------
 There are 0 pins that are not constrained for maximum delay.

 There are 0 pins that are not constrained for maximum delay due to constant clock.


5. checking no_input_delay
--------------------------
 There are 0 input ports with no input delay specified.

 There are 0 input ports with no input delay but user has a false path constraint.


6. checking no_output_delay
---------------------------
 There is 1 port with no output delay specified. (HIGH)

 There are 0 ports with no output delay but user has a false path constraint

 There are 0 ports with no output delay but with a timing clock defined on it or propagating through it


7. checking multiple_clock
--------------------------
 There are 0 register/latch pins with multiple clocks.


8. checking generated_clocks
----------------------------
 There are 0 generated clocks that are not connected to a clock source.


9. checking loops
-----------------
 There are 0 combinational loops in the design.


10. checking partial_input_delay
--------------------------------
 There are 0 input ports with partial input delay specified.


11. checking partial_output_delay
---------------------------------
 There are 0 ports with partial output delay specified.


12. checking latch_loops
------------------------
 There are 0 combinational latch loops in the design through latch input



------------------------------------------------------------------------------------------------
| Design Timing Summary
| ---------------------
------------------------------------------------------------------------------------------------

    WNS(ns)      TNS(ns)  TNS Failing Endpoints  TNS Total Endpoints      WHS(ns)      THS(ns)  THS Failing Endpoints  THS Total Endpoints     WPWS(ns)     TPWS(ns)  TPWS Failing Endpoints  TPWS Total Endpoints  
    -------      -------  ---------------------  -------------------      -------      -------  ---------------------  -------------------     --------     --------  ----------------------  --------------------  
      2.924        0.000                      0                   65        0.334        0.000                      0                   65        3.500        0.000                       0                    34  


All user specified timing constraints are met.


------------------------------------------------------------------------------------------------
| Clock Summary
| -------------
------------------------------------------------------------------------------------------------

Clock        Waveform(ns)         Period(ns)      Frequency(MHz)
-----        ------------         ----------      --------------
sys_clk_pin  {0.000 4.000}        8.000           125.000         


------------------------------------------------------------------------------------------------
| Intra Clock Table
| -----------------
------------------------------------------------------------------------------------------------

Clock             WNS(ns)      TNS(ns)  TNS Failing Endpoints  TNS Total Endpoints      WHS(ns)      THS(ns)  THS Failing Endpoints  THS Total Endpoints     WPWS(ns)     TPWS(ns)  TPWS Failing Endpoints  TPWS Total Endpoints  
-----             -------      -------  ---------------------  -------------------      -------      -------  ---------------------  -------------------     --------     --------  ----------------------  --------------------  
sys_clk_pin         2.924        0.000                      0                   65        0.334        0.000                      0                   65        3.500        0.000                       0                    34  


------------------------------------------------------------------------------------------------
| Inter Clock Table
| -----------------
------------------------------------------------------------------------------------------------

From Clock    To Clock          WNS(ns)      TNS(ns)  TNS Failing Endpoints  TNS Total Endpoints      WHS(ns)      THS(ns)  THS Failing Endpoints  THS Total Endpoints  
----------    --------          -------      -------  ---------------------  -------------------      -------      -------  ---------------------  -------------------  


------------------------------------------------------------------------------------------------
| Other Path Groups Table
| -----------------------
------------------------------------------------------------------------------------------------

Path Group    From Clock    To Clock          WNS(ns)      TNS(ns)  TNS Failing Endpoints  TNS Total Endpoints      WHS(ns)      THS(ns)  THS Failing Endpoints  THS Total Endpoints  
----------    ----------    --------          -------      -------  ---------------------  -------------------      -------      -------  ---------------------  -------------------  


------------------------------------------------------------------------------------------------
| Timing Details
| --------------
------------------------------------------------------------------------------------------------


---------------------------------------------------------------------------------------------------
From Clock:  sys_clk_pin
  To Clock:  sys_clk_pin

Setup :            0  Failing Endpoints,  Worst Slack        2.924ns,  Total Violation        0.000ns
Hold  :            0  Failing Endpoints,  Worst Slack        0.334ns,  Total Violation        0.000ns
PW    :            0  Failing Endpoints,  Worst Slack        3.500ns,  Total Violation        0.000ns
---------------------------------------------------------------------------------------------------


Max Delay Paths
--------------------------------------------------------------------------------------
Slack (MET) :             2.924ns  (required time - arrival time)
  Source:                 count_reg[14]/C
                            (falling edge-triggered cell FDRE clocked by sys_clk_pin  {rise@0.000ns fall@4.000ns period=8.000ns})
  Destination:            count_reg[28]/R
                            (falling edge-triggered cell FDRE clocked by sys_clk_pin  {rise@0.000ns fall@4.000ns period=8.000ns})
  Path Group:             sys_clk_pin
  Path Type:              Setup (Max at Slow Process Corner)
  Requirement:            8.000ns  (sys_clk_pin fall@12.000ns - sys_clk_pin fall@4.000ns)
  Data Path Delay:        4.597ns  (logic 1.636ns (35.590%)  route 2.961ns (64.410%))
  Logic Levels:           5  (CARRY4=3 LUT2=1 LUT3=1)
  Clock Path Skew:        -0.018ns (DCD - SCD + CPR)
    Destination Clock Delay (DCD):    4.962ns = ( 16.961 - 12.000 ) 
    Source Clock Delay      (SCD):    5.409ns = ( 9.409 - 4.000 ) 
    Clock Pessimism Removal (CPR):    0.429ns
  Clock Uncertainty:      0.035ns  ((TSJ^2 + TIJ^2)^1/2 + DJ) / 2 + PE
    Total System Jitter     (TSJ):    0.071ns
    Total Input Jitter      (TIJ):    0.000ns
    Discrete Jitter          (DJ):    0.000ns
    Phase Error              (PE):    0.000ns

    Location             Delay type                Incr(ns)  Path(ns)    Netlist Resource(s)
  -------------------------------------------------------------------    -------------------
                         (clock sys_clk_pin fall edge)
                                                      4.000     4.000 f  
    K17                                               0.000     4.000 f  clock (IN)
                         net (fo=0)                   0.000     4.000    clock
    K17                  IBUF (Prop_ibuf_I_O)         1.492     5.492 f  clock_IBUF_inst/O
                         net (fo=1, routed)           2.076     7.568    clock_IBUF
    BUFGCTRL_X0Y16       BUFG (Prop_bufg_I_O)         0.101     7.669 f  clock_IBUF_BUFG_inst/O
                         net (fo=33, routed)          1.740     9.409    clock_IBUF_BUFG
    SLICE_X40Y27         FDRE                                         r  count_reg[14]/C  (IS_INVERTED)
  -------------------------------------------------------------------    -------------------
    SLICE_X40Y27         FDRE (Prop_fdre_C_Q)         0.459     9.868 f  count_reg[14]/Q
                         net (fo=5, routed)           1.411    11.279    count_reg[14]
    SLICE_X39Y27         LUT2 (Prop_lut2_I0_O)        0.124    11.403 r  count[0]_i_44/O
                         net (fo=1, routed)           0.000    11.403    count[0]_i_44_n_0
    SLICE_X39Y27         CARRY4 (Prop_carry4_S[2]_CO[3])
                                                      0.398    11.801 r  count_reg[0]_i_26/CO[3]
                         net (fo=1, routed)           0.000    11.801    count_reg[0]_i_26_n_0
    SLICE_X39Y28         CARRY4 (Prop_carry4_CI_CO[3])
                                                      0.114    11.915 r  count_reg[0]_i_12/CO[3]
                         net (fo=1, routed)           0.000    11.915    count_reg[0]_i_12_n_0
    SLICE_X39Y29         CARRY4 (Prop_carry4_CI_CO[2])
                                                      0.228    12.143 f  count_reg[0]_i_4/CO[2]
                         net (fo=1, routed)           0.659    12.801    count_reg[0]_i_4_n_1
    SLICE_X41Y28         LUT3 (Prop_lut3_I2_O)        0.313    13.114 r  count[0]_i_1/O
                         net (fo=32, routed)          0.891    14.006    count
    SLICE_X40Y31         FDRE                                         r  count_reg[28]/R
  -------------------------------------------------------------------    -------------------

                         (clock sys_clk_pin fall edge)
                                                     12.000    12.000 f  
    K17                                               0.000    12.000 f  clock (IN)
                         net (fo=0)                   0.000    12.000    clock
    K17                  IBUF (Prop_ibuf_I_O)         1.421    13.421 f  clock_IBUF_inst/O
                         net (fo=1, routed)           1.880    15.301    clock_IBUF
    BUFGCTRL_X0Y16       BUFG (Prop_bufg_I_O)         0.091    15.392 f  clock_IBUF_BUFG_inst/O
                         net (fo=33, routed)          1.569    16.961    clock_IBUF_BUFG
    SLICE_X40Y31         FDRE                                         r  count_reg[28]/C  (IS_INVERTED)
                         clock pessimism              0.429    17.391    
                         clock uncertainty           -0.035    17.355    
    SLICE_X40Y31         FDRE (Setup_fdre_C_R)       -0.426    16.929    count_reg[28]
  -------------------------------------------------------------------
                         required time                         16.929    
                         arrival time                         -14.006    
  -------------------------------------------------------------------
                         slack                                  2.924    

Slack (MET) :             2.924ns  (required time - arrival time)
  Source:                 count_reg[14]/C
                            (falling edge-triggered cell FDRE clocked by sys_clk_pin  {rise@0.000ns fall@4.000ns period=8.000ns})
  Destination:            count_reg[29]/R
                            (falling edge-triggered cell FDRE clocked by sys_clk_pin  {rise@0.000ns fall@4.000ns period=8.000ns})
  Path Group:             sys_clk_pin
  Path Type:              Setup (Max at Slow Process Corner)
  Requirement:            8.000ns  (sys_clk_pin fall@12.000ns - sys_clk_pin fall@4.000ns)
  Data Path Delay:        4.597ns  (logic 1.636ns (35.590%)  route 2.961ns (64.410%))
  Logic Levels:           5  (CARRY4=3 LUT2=1 LUT3=1)
  Clock Path Skew:        -0.018ns (DCD - SCD + CPR)
    Destination Clock Delay (DCD):    4.962ns = ( 16.961 - 12.000 ) 
    Source Clock Delay      (SCD):    5.409ns = ( 9.409 - 4.000 ) 
    Clock Pessimism Removal (CPR):    0.429ns
  Clock Uncertainty:      0.035ns  ((TSJ^2 + TIJ^2)^1/2 + DJ) / 2 + PE
    Total System Jitter     (TSJ):    0.071ns
    Total Input Jitter      (TIJ):    0.000ns
    Discrete Jitter          (DJ):    0.000ns
    Phase Error              (PE):    0.000ns

    Location             Delay type                Incr(ns)  Path(ns)    Netlist Resource(s)
  -------------------------------------------------------------------    -------------------
                         (clock sys_clk_pin fall edge)
                                                      4.000     4.000 f  
    K17                                               0.000     4.000 f  clock (IN)
                         net (fo=0)                   0.000     4.000    clock
    K17                  IBUF (Prop_ibuf_I_O)         1.492     5.492 f  clock_IBUF_inst/O
                         net (fo=1, routed)           2.076     7.568    clock_IBUF
    BUFGCTRL_X0Y16       BUFG (Prop_bufg_I_O)         0.101     7.669 f  clock_IBUF_BUFG_inst/O
                         net (fo=33, routed)          1.740     9.409    clock_IBUF_BUFG
    SLICE_X40Y27         FDRE                                         r  count_reg[14]/C  (IS_INVERTED)
  -------------------------------------------------------------------    -------------------
    SLICE_X40Y27         FDRE (Prop_fdre_C_Q)         0.459     9.868 f  count_reg[14]/Q
                         net (fo=5, routed)           1.411    11.279    count_reg[14]
    SLICE_X39Y27         LUT2 (Prop_lut2_I0_O)        0.124    11.403 r  count[0]_i_44/O
                         net (fo=1, routed)           0.000    11.403    count[0]_i_44_n_0
    SLICE_X39Y27         CARRY4 (Prop_carry4_S[2]_CO[3])
                                                      0.398    11.801 r  count_reg[0]_i_26/CO[3]
                         net (fo=1, routed)           0.000    11.801    count_reg[0]_i_26_n_0
    SLICE_X39Y28         CARRY4 (Prop_carry4_CI_CO[3])
                                                      0.114    11.915 r  count_reg[0]_i_12/CO[3]
                         net (fo=1, routed)           0.000    11.915    count_reg[0]_i_12_n_0
    SLICE_X39Y29         CARRY4 (Prop_carry4_CI_CO[2])
                                                      0.228    12.143 f  count_reg[0]_i_4/CO[2]
                         net (fo=1, routed)           0.659    12.801    count_reg[0]_i_4_n_1
    SLICE_X41Y28         LUT3 (Prop_lut3_I2_O)        0.313    13.114 r  count[0]_i_1/O
                         net (fo=32, routed)          0.891    14.006    count
    SLICE_X40Y31         FDRE                                         r  count_reg[29]/R
  -------------------------------------------------------------------    -------------------

                         (clock sys_clk_pin fall edge)
                                                     12.000    12.000 f  
    K17                                               0.000    12.000 f  clock (IN)
                         net (fo=0)                   0.000    12.000    clock
    K17                  IBUF (Prop_ibuf_I_O)         1.421    13.421 f  clock_IBUF_inst/O
                         net (fo=1, routed)           1.880    15.301    clock_IBUF
    BUFGCTRL_X0Y16       BUFG (Prop_bufg_I_O)         0.091    15.392 f  clock_IBUF_BUFG_inst/O
                         net (fo=33, routed)          1.569    16.961    clock_IBUF_BUFG
    SLICE_X40Y31         FDRE                                         r  count_reg[29]/C  (IS_INVERTED)
                         clock pessimism              0.429    17.391    
                         clock uncertainty           -0.035    17.355    
    SLICE_X40Y31         FDRE (Setup_fdre_C_R)       -0.426    16.929    count_reg[29]
  -------------------------------------------------------------------
                         required time                         16.929    
                         arrival time                         -14.006    
  -------------------------------------------------------------------
                         slack                                  2.924    

Slack (MET) :             2.924ns  (required time - arrival time)
  Source:                 count_reg[14]/C
                            (falling edge-triggered cell FDRE clocked by sys_clk_pin  {rise@0.000ns fall@4.000ns period=8.000ns})
  Destination:            count_reg[30]/R
                            (falling edge-triggered cell FDRE clocked by sys_clk_pin  {rise@0.000ns fall@4.000ns period=8.000ns})
  Path Group:             sys_clk_pin
  Path Type:              Setup (Max at Slow Process Corner)
  Requirement:            8.000ns  (sys_clk_pin fall@12.000ns - sys_clk_pin fall@4.000ns)
  Data Path Delay:        4.597ns  (logic 1.636ns (35.590%)  route 2.961ns (64.410%))
  Logic Levels:           5  (CARRY4=3 LUT2=1 LUT3=1)
  Clock Path Skew:        -0.018ns (DCD - SCD + CPR)
    Destination Clock Delay (DCD):    4.962ns = ( 16.961 - 12.000 ) 
    Source Clock Delay      (SCD):    5.409ns = ( 9.409 - 4.000 ) 
    Clock Pessimism Removal (CPR):    0.429ns
  Clock Uncertainty:      0.035ns  ((TSJ^2 + TIJ^2)^1/2 + DJ) / 2 + PE
    Total System Jitter     (TSJ):    0.071ns
    Total Input Jitter      (TIJ):    0.000ns
    Discrete Jitter          (DJ):    0.000ns
    Phase Error              (PE):    0.000ns

    Location             Delay type                Incr(ns)  Path(ns)    Netlist Resource(s)
  -------------------------------------------------------------------    -------------------
                         (clock sys_clk_pin fall edge)
                                                      4.000     4.000 f  
    K17                                               0.000     4.000 f  clock (IN)
                         net (fo=0)                   0.000     4.000    clock
    K17                  IBUF (Prop_ibuf_I_O)         1.492     5.492 f  clock_IBUF_inst/O
                         net (fo=1, routed)           2.076     7.568    clock_IBUF
    BUFGCTRL_X0Y16       BUFG (Prop_bufg_I_O)         0.101     7.669 f  clock_IBUF_BUFG_inst/O
                         net (fo=33, routed)          1.740     9.409    clock_IBUF_BUFG
    SLICE_X40Y27         FDRE                                         r  count_reg[14]/C  (IS_INVERTED)
  -------------------------------------------------------------------    -------------------
    SLICE_X40Y27         FDRE (Prop_fdre_C_Q)         0.459     9.868 f  count_reg[14]/Q
                         net (fo=5, routed)           1.411    11.279    count_reg[14]
    SLICE_X39Y27         LUT2 (Prop_lut2_I0_O)        0.124    11.403 r  count[0]_i_44/O
                         net (fo=1, routed)           0.000    11.403    count[0]_i_44_n_0
    SLICE_X39Y27         CARRY4 (Prop_carry4_S[2]_CO[3])
                                                      0.398    11.801 r  count_reg[0]_i_26/CO[3]
                         net (fo=1, routed)           0.000    11.801    count_reg[0]_i_26_n_0
    SLICE_X39Y28         CARRY4 (Prop_carry4_CI_CO[3])
                                                      0.114    11.915 r  count_reg[0]_i_12/CO[3]
                         net (fo=1, routed)           0.000    11.915    count_reg[0]_i_12_n_0
    SLICE_X39Y29         CARRY4 (Prop_carry4_CI_CO[2])
                                                      0.228    12.143 f  count_reg[0]_i_4/CO[2]
                         net (fo=1, routed)           0.659    12.801    count_reg[0]_i_4_n_1
    SLICE_X41Y28         LUT3 (Prop_lut3_I2_O)        0.313    13.114 r  count[0]_i_1/O
                         net (fo=32, routed)          0.891    14.006    count
    SLICE_X40Y31         FDRE                                         r  count_reg[30]/R
  -------------------------------------------------------------------    -------------------

                         (clock sys_clk_pin fall edge)
                                                     12.000    12.000 f  
    K17                                               0.000    12.000 f  clock (IN)
                         net (fo=0)                   0.000    12.000    clock
    K17                  IBUF (Prop_ibuf_I_O)         1.421    13.421 f  clock_IBUF_inst/O
                         net (fo=1, routed)           1.880    15.301    clock_IBUF
    BUFGCTRL_X0Y16       BUFG (Prop_bufg_I_O)         0.091    15.392 f  clock_IBUF_BUFG_inst/O
                         net (fo=33, routed)          1.569    16.961    clock_IBUF_BUFG
    SLICE_X40Y31         FDRE                                         r  count_reg[30]/C  (IS_INVERTED)
                         clock pessimism              0.429    17.391    
                         clock uncertainty           -0.035    17.355    
    SLICE_X40Y31         FDRE (Setup_fdre_C_R)       -0.426    16.929    count_reg[30]
  -------------------------------------------------------------------
                         required time                         16.929    
                         arrival time                         -14.006    
  -------------------------------------------------------------------
                         slack                                  2.924    

Slack (MET) :             2.924ns  (required time - arrival time)
  Source:                 count_reg[14]/C
                            (falling edge-triggered cell FDRE clocked by sys_clk_pin  {rise@0.000ns fall@4.000ns period=8.000ns})
  Destination:            count_reg[31]/R
                            (falling edge-triggered cell FDRE clocked by sys_clk_pin  {rise@0.000ns fall@4.000ns period=8.000ns})
  Path Group:             sys_clk_pin
  Path Type:              Setup (Max at Slow Process Corner)
  Requirement:            8.000ns  (sys_clk_pin fall@12.000ns - sys_clk_pin fall@4.000ns)
  Data Path Delay:        4.597ns  (logic 1.636ns (35.590%)  route 2.961ns (64.410%))
  Logic Levels:           5  (CARRY4=3 LUT2=1 LUT3=1)
  Clock Path Skew:        -0.018ns (DCD - SCD + CPR)
    Destination Clock Delay (DCD):    4.962ns = ( 16.961 - 12.000 ) 
    Source Clock Delay      (SCD):    5.409ns = ( 9.409 - 4.000 ) 
    Clock Pessimism Removal (CPR):    0.429ns
  Clock Uncertainty:      0.035ns  ((TSJ^2 + TIJ^2)^1/2 + DJ) / 2 + PE
    Total System Jitter     (TSJ):    0.071ns
    Total Input Jitter      (TIJ):    0.000ns
    Discrete Jitter          (DJ):    0.000ns
    Phase Error              (PE):    0.000ns

    Location             Delay type                Incr(ns)  Path(ns)    Netlist Resource(s)
  -------------------------------------------------------------------    -------------------
                         (clock sys_clk_pin fall edge)
                                                      4.000     4.000 f  
    K17                                               0.000     4.000 f  clock (IN)
                         net (fo=0)                   0.000     4.000    clock
    K17                  IBUF (Prop_ibuf_I_O)         1.492     5.492 f  clock_IBUF_inst/O
                         net (fo=1, routed)           2.076     7.568    clock_IBUF
    BUFGCTRL_X0Y16       BUFG (Prop_bufg_I_O)         0.101     7.669 f  clock_IBUF_BUFG_inst/O
                         net (fo=33, routed)          1.740     9.409    clock_IBUF_BUFG
    SLICE_X40Y27         FDRE                                         r  count_reg[14]/C  (IS_INVERTED)
  -------------------------------------------------------------------    -------------------
    SLICE_X40Y27         FDRE (Prop_fdre_C_Q)         0.459     9.868 f  count_reg[14]/Q
                         net (fo=5, routed)           1.411    11.279    count_reg[14]
    SLICE_X39Y27         LUT2 (Prop_lut2_I0_O)        0.124    11.403 r  count[0]_i_44/O
                         net (fo=1, routed)           0.000    11.403    count[0]_i_44_n_0
    SLICE_X39Y27         CARRY4 (Prop_carry4_S[2]_CO[3])
                                                      0.398    11.801 r  count_reg[0]_i_26/CO[3]
                         net (fo=1, routed)           0.000    11.801    count_reg[0]_i_26_n_0
    SLICE_X39Y28         CARRY4 (Prop_carry4_CI_CO[3])
                                                      0.114    11.915 r  count_reg[0]_i_12/CO[3]
                         net (fo=1, routed)           0.000    11.915    count_reg[0]_i_12_n_0
    SLICE_X39Y29         CARRY4 (Prop_carry4_CI_CO[2])
                                                      0.228    12.143 f  count_reg[0]_i_4/CO[2]
                         net (fo=1, routed)           0.659    12.801    count_reg[0]_i_4_n_1
    SLICE_X41Y28         LUT3 (Prop_lut3_I2_O)        0.313    13.114 r  count[0]_i_1/O
                         net (fo=32, routed)          0.891    14.006    count
    SLICE_X40Y31         FDRE                                         r  count_reg[31]/R
  -------------------------------------------------------------------    -------------------

                         (clock sys_clk_pin fall edge)
                                                     12.000    12.000 f  
    K17                                               0.000    12.000 f  clock (IN)
                         net (fo=0)                   0.000    12.000    clock
    K17                  IBUF (Prop_ibuf_I_O)         1.421    13.421 f  clock_IBUF_inst/O
                         net (fo=1, routed)           1.880    15.301    clock_IBUF
    BUFGCTRL_X0Y16       BUFG (Prop_bufg_I_O)         0.091    15.392 f  clock_IBUF_BUFG_inst/O
                         net (fo=33, routed)          1.569    16.961    clock_IBUF_BUFG
    SLICE_X40Y31         FDRE                                         r  count_reg[31]/C  (IS_INVERTED)
                         clock pessimism              0.429    17.391    
                         clock uncertainty           -0.035    17.355    
    SLICE_X40Y31         FDRE (Setup_fdre_C_R)       -0.426    16.929    count_reg[31]
  -------------------------------------------------------------------
                         required time                         16.929    
                         arrival time                         -14.006    
  -------------------------------------------------------------------
                         slack                                  2.924    

Slack (MET) :             2.936ns  (required time - arrival time)
  Source:                 count_reg[14]/C
                            (falling edge-triggered cell FDRE clocked by sys_clk_pin  {rise@0.000ns fall@4.000ns period=8.000ns})
  Destination:            count_reg[0]/R
                            (falling edge-triggered cell FDRE clocked by sys_clk_pin  {rise@0.000ns fall@4.000ns period=8.000ns})
  Path Group:             sys_clk_pin
  Path Type:              Setup (Max at Slow Process Corner)
  Requirement:            8.000ns  (sys_clk_pin fall@12.000ns - sys_clk_pin fall@4.000ns)
  Data Path Delay:        4.539ns  (logic 1.636ns (36.041%)  route 2.903ns (63.959%))
  Logic Levels:           5  (CARRY4=3 LUT2=1 LUT3=1)
  Clock Path Skew:        -0.063ns (DCD - SCD + CPR)
    Destination Clock Delay (DCD):    4.955ns = ( 16.954 - 12.000 ) 
    Source Clock Delay      (SCD):    5.409ns = ( 9.409 - 4.000 ) 
    Clock Pessimism Removal (CPR):    0.391ns
  Clock Uncertainty:      0.035ns  ((TSJ^2 + TIJ^2)^1/2 + DJ) / 2 + PE
    Total System Jitter     (TSJ):    0.071ns
    Total Input Jitter      (TIJ):    0.000ns
    Discrete Jitter          (DJ):    0.000ns
    Phase Error              (PE):    0.000ns

    Location             Delay type                Incr(ns)  Path(ns)    Netlist Resource(s)
  -------------------------------------------------------------------    -------------------
                         (clock sys_clk_pin fall edge)
                                                      4.000     4.000 f  
    K17                                               0.000     4.000 f  clock (IN)
                         net (fo=0)                   0.000     4.000    clock
    K17                  IBUF (Prop_ibuf_I_O)         1.492     5.492 f  clock_IBUF_inst/O
                         net (fo=1, routed)           2.076     7.568    clock_IBUF
    BUFGCTRL_X0Y16       BUFG (Prop_bufg_I_O)         0.101     7.669 f  clock_IBUF_BUFG_inst/O
                         net (fo=33, routed)          1.740     9.409    clock_IBUF_BUFG
    SLICE_X40Y27         FDRE                                         r  count_reg[14]/C  (IS_INVERTED)
  -------------------------------------------------------------------    -------------------
    SLICE_X40Y27         FDRE (Prop_fdre_C_Q)         0.459     9.868 f  count_reg[14]/Q
                         net (fo=5, routed)           1.411    11.279    count_reg[14]
    SLICE_X39Y27         LUT2 (Prop_lut2_I0_O)        0.124    11.403 r  count[0]_i_44/O
                         net (fo=1, routed)           0.000    11.403    count[0]_i_44_n_0
    SLICE_X39Y27         CARRY4 (Prop_carry4_S[2]_CO[3])
                                                      0.398    11.801 r  count_reg[0]_i_26/CO[3]
                         net (fo=1, routed)           0.000    11.801    count_reg[0]_i_26_n_0
    SLICE_X39Y28         CARRY4 (Prop_carry4_CI_CO[3])
                                                      0.114    11.915 r  count_reg[0]_i_12/CO[3]
                         net (fo=1, routed)           0.000    11.915    count_reg[0]_i_12_n_0
    SLICE_X39Y29         CARRY4 (Prop_carry4_CI_CO[2])
                                                      0.228    12.143 f  count_reg[0]_i_4/CO[2]
                         net (fo=1, routed)           0.659    12.801    count_reg[0]_i_4_n_1
    SLICE_X41Y28         LUT3 (Prop_lut3_I2_O)        0.313    13.114 r  count[0]_i_1/O
                         net (fo=32, routed)          0.834    13.948    count
    SLICE_X40Y24         FDRE                                         r  count_reg[0]/R
  -------------------------------------------------------------------    -------------------

                         (clock sys_clk_pin fall edge)
                                                     12.000    12.000 f  
    K17                                               0.000    12.000 f  clock (IN)
                         net (fo=0)                   0.000    12.000    clock
    K17                  IBUF (Prop_ibuf_I_O)         1.421    13.421 f  clock_IBUF_inst/O
                         net (fo=1, routed)           1.880    15.301    clock_IBUF
    BUFGCTRL_X0Y16       BUFG (Prop_bufg_I_O)         0.091    15.392 f  clock_IBUF_BUFG_inst/O
                         net (fo=33, routed)          1.562    16.954    clock_IBUF_BUFG
    SLICE_X40Y24         FDRE                                         r  count_reg[0]/C  (IS_INVERTED)
                         clock pessimism              0.391    17.346    
                         clock uncertainty           -0.035    17.310    
    SLICE_X40Y24         FDRE (Setup_fdre_C_R)       -0.426    16.884    count_reg[0]
  -------------------------------------------------------------------
                         required time                         16.884    
                         arrival time                         -13.948    
  -------------------------------------------------------------------
                         slack                                  2.936    

Slack (MET) :             2.936ns  (required time - arrival time)
  Source:                 count_reg[14]/C
                            (falling edge-triggered cell FDRE clocked by sys_clk_pin  {rise@0.000ns fall@4.000ns period=8.000ns})
  Destination:            count_reg[1]/R
                            (falling edge-triggered cell FDRE clocked by sys_clk_pin  {rise@0.000ns fall@4.000ns period=8.000ns})
  Path Group:             sys_clk_pin
  Path Type:              Setup (Max at Slow Process Corner)
  Requirement:            8.000ns  (sys_clk_pin fall@12.000ns - sys_clk_pin fall@4.000ns)
  Data Path Delay:        4.539ns  (logic 1.636ns (36.041%)  route 2.903ns (63.959%))
  Logic Levels:           5  (CARRY4=3 LUT2=1 LUT3=1)
  Clock Path Skew:        -0.063ns (DCD - SCD + CPR)
    Destination Clock Delay (DCD):    4.955ns = ( 16.954 - 12.000 ) 
    Source Clock Delay      (SCD):    5.409ns = ( 9.409 - 4.000 ) 
    Clock Pessimism Removal (CPR):    0.391ns
  Clock Uncertainty:      0.035ns  ((TSJ^2 + TIJ^2)^1/2 + DJ) / 2 + PE
    Total System Jitter     (TSJ):    0.071ns
    Total Input Jitter      (TIJ):    0.000ns
    Discrete Jitter          (DJ):    0.000ns
    Phase Error              (PE):    0.000ns

    Location             Delay type                Incr(ns)  Path(ns)    Netlist Resource(s)
  -------------------------------------------------------------------    -------------------
                         (clock sys_clk_pin fall edge)
                                                      4.000     4.000 f  
    K17                                               0.000     4.000 f  clock (IN)
                         net (fo=0)                   0.000     4.000    clock
    K17                  IBUF (Prop_ibuf_I_O)         1.492     5.492 f  clock_IBUF_inst/O
                         net (fo=1, routed)           2.076     7.568    clock_IBUF
    BUFGCTRL_X0Y16       BUFG (Prop_bufg_I_O)         0.101     7.669 f  clock_IBUF_BUFG_inst/O
                         net (fo=33, routed)          1.740     9.409    clock_IBUF_BUFG
    SLICE_X40Y27         FDRE                                         r  count_reg[14]/C  (IS_INVERTED)
  -------------------------------------------------------------------    -------------------
    SLICE_X40Y27         FDRE (Prop_fdre_C_Q)         0.459     9.868 f  count_reg[14]/Q
                         net (fo=5, routed)           1.411    11.279    count_reg[14]
    SLICE_X39Y27         LUT2 (Prop_lut2_I0_O)        0.124    11.403 r  count[0]_i_44/O
                         net (fo=1, routed)           0.000    11.403    count[0]_i_44_n_0
    SLICE_X39Y27         CARRY4 (Prop_carry4_S[2]_CO[3])
                                                      0.398    11.801 r  count_reg[0]_i_26/CO[3]
                         net (fo=1, routed)           0.000    11.801    count_reg[0]_i_26_n_0
    SLICE_X39Y28         CARRY4 (Prop_carry4_CI_CO[3])
                                                      0.114    11.915 r  count_reg[0]_i_12/CO[3]
                         net (fo=1, routed)           0.000    11.915    count_reg[0]_i_12_n_0
    SLICE_X39Y29         CARRY4 (Prop_carry4_CI_CO[2])
                                                      0.228    12.143 f  count_reg[0]_i_4/CO[2]
                         net (fo=1, routed)           0.659    12.801    count_reg[0]_i_4_n_1
    SLICE_X41Y28         LUT3 (Prop_lut3_I2_O)        0.313    13.114 r  count[0]_i_1/O
                         net (fo=32, routed)          0.834    13.948    count
    SLICE_X40Y24         FDRE                                         r  count_reg[1]/R
  -------------------------------------------------------------------    -------------------

                         (clock sys_clk_pin fall edge)
                                                     12.000    12.000 f  
    K17                                               0.000    12.000 f  clock (IN)
                         net (fo=0)                   0.000    12.000    clock
    K17                  IBUF (Prop_ibuf_I_O)         1.421    13.421 f  clock_IBUF_inst/O
                         net (fo=1, routed)           1.880    15.301    clock_IBUF
    BUFGCTRL_X0Y16       BUFG (Prop_bufg_I_O)         0.091    15.392 f  clock_IBUF_BUFG_inst/O
                         net (fo=33, routed)          1.562    16.954    clock_IBUF_BUFG
    SLICE_X40Y24         FDRE                                         r  count_reg[1]/C  (IS_INVERTED)
                         clock pessimism              0.391    17.346    
                         clock uncertainty           -0.035    17.310    
    SLICE_X40Y24         FDRE (Setup_fdre_C_R)       -0.426    16.884    count_reg[1]
  -------------------------------------------------------------------
                         required time                         16.884    
                         arrival time                         -13.948    
  -------------------------------------------------------------------
                         slack                                  2.936    

Slack (MET) :             2.936ns  (required time - arrival time)
  Source:                 count_reg[14]/C
                            (falling edge-triggered cell FDRE clocked by sys_clk_pin  {rise@0.000ns fall@4.000ns period=8.000ns})
  Destination:            count_reg[2]/R
                            (falling edge-triggered cell FDRE clocked by sys_clk_pin  {rise@0.000ns fall@4.000ns period=8.000ns})
  Path Group:             sys_clk_pin
  Path Type:              Setup (Max at Slow Process Corner)
  Requirement:            8.000ns  (sys_clk_pin fall@12.000ns - sys_clk_pin fall@4.000ns)
  Data Path Delay:        4.539ns  (logic 1.636ns (36.041%)  route 2.903ns (63.959%))
  Logic Levels:           5  (CARRY4=3 LUT2=1 LUT3=1)
  Clock Path Skew:        -0.063ns (DCD - SCD + CPR)
    Destination Clock Delay (DCD):    4.955ns = ( 16.954 - 12.000 ) 
    Source Clock Delay      (SCD):    5.409ns = ( 9.409 - 4.000 ) 
    Clock Pessimism Removal (CPR):    0.391ns
  Clock Uncertainty:      0.035ns  ((TSJ^2 + TIJ^2)^1/2 + DJ) / 2 + PE
    Total System Jitter     (TSJ):    0.071ns
    Total Input Jitter      (TIJ):    0.000ns
    Discrete Jitter          (DJ):    0.000ns
    Phase Error              (PE):    0.000ns

    Location             Delay type                Incr(ns)  Path(ns)    Netlist Resource(s)
  -------------------------------------------------------------------    -------------------
                         (clock sys_clk_pin fall edge)
                                                      4.000     4.000 f  
    K17                                               0.000     4.000 f  clock (IN)
                         net (fo=0)                   0.000     4.000    clock
    K17                  IBUF (Prop_ibuf_I_O)         1.492     5.492 f  clock_IBUF_inst/O
                         net (fo=1, routed)           2.076     7.568    clock_IBUF
    BUFGCTRL_X0Y16       BUFG (Prop_bufg_I_O)         0.101     7.669 f  clock_IBUF_BUFG_inst/O
                         net (fo=33, routed)          1.740     9.409    clock_IBUF_BUFG
    SLICE_X40Y27         FDRE                                         r  count_reg[14]/C  (IS_INVERTED)
  -------------------------------------------------------------------    -------------------
    SLICE_X40Y27         FDRE (Prop_fdre_C_Q)         0.459     9.868 f  count_reg[14]/Q
                         net (fo=5, routed)           1.411    11.279    count_reg[14]
    SLICE_X39Y27         LUT2 (Prop_lut2_I0_O)        0.124    11.403 r  count[0]_i_44/O
                         net (fo=1, routed)           0.000    11.403    count[0]_i_44_n_0
    SLICE_X39Y27         CARRY4 (Prop_carry4_S[2]_CO[3])
                                                      0.398    11.801 r  count_reg[0]_i_26/CO[3]
                         net (fo=1, routed)           0.000    11.801    count_reg[0]_i_26_n_0
    SLICE_X39Y28         CARRY4 (Prop_carry4_CI_CO[3])
                                                      0.114    11.915 r  count_reg[0]_i_12/CO[3]
                         net (fo=1, routed)           0.000    11.915    count_reg[0]_i_12_n_0
    SLICE_X39Y29         CARRY4 (Prop_carry4_CI_CO[2])
                                                      0.228    12.143 f  count_reg[0]_i_4/CO[2]
                         net (fo=1, routed)           0.659    12.801    count_reg[0]_i_4_n_1
    SLICE_X41Y28         LUT3 (Prop_lut3_I2_O)        0.313    13.114 r  count[0]_i_1/O
                         net (fo=32, routed)          0.834    13.948    count
    SLICE_X40Y24         FDRE                                         r  count_reg[2]/R
  -------------------------------------------------------------------    -------------------

                         (clock sys_clk_pin fall edge)
                                                     12.000    12.000 f  
    K17                                               0.000    12.000 f  clock (IN)
                         net (fo=0)                   0.000    12.000    clock
    K17                  IBUF (Prop_ibuf_I_O)         1.421    13.421 f  clock_IBUF_inst/O
                         net (fo=1, routed)           1.880    15.301    clock_IBUF
    BUFGCTRL_X0Y16       BUFG (Prop_bufg_I_O)         0.091    15.392 f  clock_IBUF_BUFG_inst/O
                         net (fo=33, routed)          1.562    16.954    clock_IBUF_BUFG
    SLICE_X40Y24         FDRE                                         r  count_reg[2]/C  (IS_INVERTED)
                         clock pessimism              0.391    17.346    
                         clock uncertainty           -0.035    17.310    
    SLICE_X40Y24         FDRE (Setup_fdre_C_R)       -0.426    16.884    count_reg[2]
  -------------------------------------------------------------------
                         required time                         16.884    
                         arrival time                         -13.948    
  -------------------------------------------------------------------
                         slack                                  2.936    

Slack (MET) :             2.936ns  (required time - arrival time)
  Source:                 count_reg[14]/C
                            (falling edge-triggered cell FDRE clocked by sys_clk_pin  {rise@0.000ns fall@4.000ns period=8.000ns})
  Destination:            count_reg[3]/R
                            (falling edge-triggered cell FDRE clocked by sys_clk_pin  {rise@0.000ns fall@4.000ns period=8.000ns})
  Path Group:             sys_clk_pin
  Path Type:              Setup (Max at Slow Process Corner)
  Requirement:            8.000ns  (sys_clk_pin fall@12.000ns - sys_clk_pin fall@4.000ns)
  Data Path Delay:        4.539ns  (logic 1.636ns (36.041%)  route 2.903ns (63.959%))
  Logic Levels:           5  (CARRY4=3 LUT2=1 LUT3=1)
  Clock Path Skew:        -0.063ns (DCD - SCD + CPR)
    Destination Clock Delay (DCD):    4.955ns = ( 16.954 - 12.000 ) 
    Source Clock Delay      (SCD):    5.409ns = ( 9.409 - 4.000 ) 
    Clock Pessimism Removal (CPR):    0.391ns
  Clock Uncertainty:      0.035ns  ((TSJ^2 + TIJ^2)^1/2 + DJ) / 2 + PE
    Total System Jitter     (TSJ):    0.071ns
    Total Input Jitter      (TIJ):    0.000ns
    Discrete Jitter          (DJ):    0.000ns
    Phase Error              (PE):    0.000ns

    Location             Delay type                Incr(ns)  Path(ns)    Netlist Resource(s)
  -------------------------------------------------------------------    -------------------
                         (clock sys_clk_pin fall edge)
                                                      4.000     4.000 f  
    K17                                               0.000     4.000 f  clock (IN)
                         net (fo=0)                   0.000     4.000    clock
    K17                  IBUF (Prop_ibuf_I_O)         1.492     5.492 f  clock_IBUF_inst/O
                         net (fo=1, routed)           2.076     7.568    clock_IBUF
    BUFGCTRL_X0Y16       BUFG (Prop_bufg_I_O)         0.101     7.669 f  clock_IBUF_BUFG_inst/O
                         net (fo=33, routed)          1.740     9.409    clock_IBUF_BUFG
    SLICE_X40Y27         FDRE                                         r  count_reg[14]/C  (IS_INVERTED)
  -------------------------------------------------------------------    -------------------
    SLICE_X40Y27         FDRE (Prop_fdre_C_Q)         0.459     9.868 f  count_reg[14]/Q
                         net (fo=5, routed)           1.411    11.279    count_reg[14]
    SLICE_X39Y27         LUT2 (Prop_lut2_I0_O)        0.124    11.403 r  count[0]_i_44/O
                         net (fo=1, routed)           0.000    11.403    count[0]_i_44_n_0
    SLICE_X39Y27         CARRY4 (Prop_carry4_S[2]_CO[3])
                                                      0.398    11.801 r  count_reg[0]_i_26/CO[3]
                         net (fo=1, routed)           0.000    11.801    count_reg[0]_i_26_n_0
    SLICE_X39Y28         CARRY4 (Prop_carry4_CI_CO[3])
                                                      0.114    11.915 r  count_reg[0]_i_12/CO[3]
                         net (fo=1, routed)           0.000    11.915    count_reg[0]_i_12_n_0
    SLICE_X39Y29         CARRY4 (Prop_carry4_CI_CO[2])
                                                      0.228    12.143 f  count_reg[0]_i_4/CO[2]
                         net (fo=1, routed)           0.659    12.801    count_reg[0]_i_4_n_1
    SLICE_X41Y28         LUT3 (Prop_lut3_I2_O)        0.313    13.114 r  count[0]_i_1/O
                         net (fo=32, routed)          0.834    13.948    count
    SLICE_X40Y24         FDRE                                         r  count_reg[3]/R
  -------------------------------------------------------------------    -------------------

                         (clock sys_clk_pin fall edge)
                                                     12.000    12.000 f  
    K17                                               0.000    12.000 f  clock (IN)
                         net (fo=0)                   0.000    12.000    clock
    K17                  IBUF (Prop_ibuf_I_O)         1.421    13.421 f  clock_IBUF_inst/O
                         net (fo=1, routed)           1.880    15.301    clock_IBUF
    BUFGCTRL_X0Y16       BUFG (Prop_bufg_I_O)         0.091    15.392 f  clock_IBUF_BUFG_inst/O
                         net (fo=33, routed)          1.562    16.954    clock_IBUF_BUFG
    SLICE_X40Y24         FDRE                                         r  count_reg[3]/C  (IS_INVERTED)
                         clock pessimism              0.391    17.346    
                         clock uncertainty           -0.035    17.310    
    SLICE_X40Y24         FDRE (Setup_fdre_C_R)       -0.426    16.884    count_reg[3]
  -------------------------------------------------------------------
                         required time                         16.884    
                         arrival time                         -13.948    
  -------------------------------------------------------------------
                         slack                                  2.936    

Slack (MET) :             3.061ns  (required time - arrival time)
  Source:                 count_reg[14]/C
                            (falling edge-triggered cell FDRE clocked by sys_clk_pin  {rise@0.000ns fall@4.000ns period=8.000ns})
  Destination:            count_reg[24]/R
                            (falling edge-triggered cell FDRE clocked by sys_clk_pin  {rise@0.000ns fall@4.000ns period=8.000ns})
  Path Group:             sys_clk_pin
  Path Type:              Setup (Max at Slow Process Corner)
  Requirement:            8.000ns  (sys_clk_pin fall@12.000ns - sys_clk_pin fall@4.000ns)
  Data Path Delay:        4.458ns  (logic 1.636ns (36.695%)  route 2.822ns (63.305%))
  Logic Levels:           5  (CARRY4=3 LUT2=1 LUT3=1)
  Clock Path Skew:        -0.019ns (DCD - SCD + CPR)
    Destination Clock Delay (DCD):    4.961ns = ( 16.960 - 12.000 ) 
    Source Clock Delay      (SCD):    5.409ns = ( 9.409 - 4.000 ) 
    Clock Pessimism Removal (CPR):    0.429ns
  Clock Uncertainty:      0.035ns  ((TSJ^2 + TIJ^2)^1/2 + DJ) / 2 + PE
    Total System Jitter     (TSJ):    0.071ns
    Total Input Jitter      (TIJ):    0.000ns
    Discrete Jitter          (DJ):    0.000ns
    Phase Error              (PE):    0.000ns

    Location             Delay type                Incr(ns)  Path(ns)    Netlist Resource(s)
  -------------------------------------------------------------------    -------------------
                         (clock sys_clk_pin fall edge)
                                                      4.000     4.000 f  
    K17                                               0.000     4.000 f  clock (IN)
                         net (fo=0)                   0.000     4.000    clock
    K17                  IBUF (Prop_ibuf_I_O)         1.492     5.492 f  clock_IBUF_inst/O
                         net (fo=1, routed)           2.076     7.568    clock_IBUF
    BUFGCTRL_X0Y16       BUFG (Prop_bufg_I_O)         0.101     7.669 f  clock_IBUF_BUFG_inst/O
                         net (fo=33, routed)          1.740     9.409    clock_IBUF_BUFG
    SLICE_X40Y27         FDRE                                         r  count_reg[14]/C  (IS_INVERTED)
  -------------------------------------------------------------------    -------------------
    SLICE_X40Y27         FDRE (Prop_fdre_C_Q)         0.459     9.868 f  count_reg[14]/Q
                         net (fo=5, routed)           1.411    11.279    count_reg[14]
    SLICE_X39Y27         LUT2 (Prop_lut2_I0_O)        0.124    11.403 r  count[0]_i_44/O
                         net (fo=1, routed)           0.000    11.403    count[0]_i_44_n_0
    SLICE_X39Y27         CARRY4 (Prop_carry4_S[2]_CO[3])
                                                      0.398    11.801 r  count_reg[0]_i_26/CO[3]
                         net (fo=1, routed)           0.000    11.801    count_reg[0]_i_26_n_0
    SLICE_X39Y28         CARRY4 (Prop_carry4_CI_CO[3])
                                                      0.114    11.915 r  count_reg[0]_i_12/CO[3]
                         net (fo=1, routed)           0.000    11.915    count_reg[0]_i_12_n_0
    SLICE_X39Y29         CARRY4 (Prop_carry4_CI_CO[2])
                                                      0.228    12.143 f  count_reg[0]_i_4/CO[2]
                         net (fo=1, routed)           0.659    12.801    count_reg[0]_i_4_n_1
    SLICE_X41Y28         LUT3 (Prop_lut3_I2_O)        0.313    13.114 r  count[0]_i_1/O
                         net (fo=32, routed)          0.753    13.867    count
    SLICE_X40Y30         FDRE                                         r  count_reg[24]/R
  -------------------------------------------------------------------    -------------------

                         (clock sys_clk_pin fall edge)
                                                     12.000    12.000 f  
    K17                                               0.000    12.000 f  clock (IN)
                         net (fo=0)                   0.000    12.000    clock
    K17                  IBUF (Prop_ibuf_I_O)         1.421    13.421 f  clock_IBUF_inst/O
                         net (fo=1, routed)           1.880    15.301    clock_IBUF
    BUFGCTRL_X0Y16       BUFG (Prop_bufg_I_O)         0.091    15.392 f  clock_IBUF_BUFG_inst/O
                         net (fo=33, routed)          1.568    16.960    clock_IBUF_BUFG
    SLICE_X40Y30         FDRE                                         r  count_reg[24]/C  (IS_INVERTED)
                         clock pessimism              0.429    17.390    
                         clock uncertainty           -0.035    17.354    
    SLICE_X40Y30         FDRE (Setup_fdre_C_R)       -0.426    16.928    count_reg[24]
  -------------------------------------------------------------------
                         required time                         16.928    
                         arrival time                         -13.867    
  -------------------------------------------------------------------
                         slack                                  3.061    

Slack (MET) :             3.061ns  (required time - arrival time)
  Source:                 count_reg[14]/C
                            (falling edge-triggered cell FDRE clocked by sys_clk_pin  {rise@0.000ns fall@4.000ns period=8.000ns})
  Destination:            count_reg[25]/R
                            (falling edge-triggered cell FDRE clocked by sys_clk_pin  {rise@0.000ns fall@4.000ns period=8.000ns})
  Path Group:             sys_clk_pin
  Path Type:              Setup (Max at Slow Process Corner)
  Requirement:            8.000ns  (sys_clk_pin fall@12.000ns - sys_clk_pin fall@4.000ns)
  Data Path Delay:        4.458ns  (logic 1.636ns (36.695%)  route 2.822ns (63.305%))
  Logic Levels:           5  (CARRY4=3 LUT2=1 LUT3=1)
  Clock Path Skew:        -0.019ns (DCD - SCD + CPR)
    Destination Clock Delay (DCD):    4.961ns = ( 16.960 - 12.000 ) 
    Source Clock Delay      (SCD):    5.409ns = ( 9.409 - 4.000 ) 
    Clock Pessimism Removal (CPR):    0.429ns
  Clock Uncertainty:      0.035ns  ((TSJ^2 + TIJ^2)^1/2 + DJ) / 2 + PE
    Total System Jitter     (TSJ):    0.071ns
    Total Input Jitter      (TIJ):    0.000ns
    Discrete Jitter          (DJ):    0.000ns
    Phase Error              (PE):    0.000ns

    Location             Delay type                Incr(ns)  Path(ns)    Netlist Resource(s)
  -------------------------------------------------------------------    -------------------
                         (clock sys_clk_pin fall edge)
                                                      4.000     4.000 f  
    K17                                               0.000     4.000 f  clock (IN)
                         net (fo=0)                   0.000     4.000    clock
    K17                  IBUF (Prop_ibuf_I_O)         1.492     5.492 f  clock_IBUF_inst/O
                         net (fo=1, routed)           2.076     7.568    clock_IBUF
    BUFGCTRL_X0Y16       BUFG (Prop_bufg_I_O)         0.101     7.669 f  clock_IBUF_BUFG_inst/O
                         net (fo=33, routed)          1.740     9.409    clock_IBUF_BUFG
    SLICE_X40Y27         FDRE                                         r  count_reg[14]/C  (IS_INVERTED)
  -------------------------------------------------------------------    -------------------
    SLICE_X40Y27         FDRE (Prop_fdre_C_Q)         0.459     9.868 f  count_reg[14]/Q
                         net (fo=5, routed)           1.411    11.279    count_reg[14]
    SLICE_X39Y27         LUT2 (Prop_lut2_I0_O)        0.124    11.403 r  count[0]_i_44/O
                         net (fo=1, routed)           0.000    11.403    count[0]_i_44_n_0
    SLICE_X39Y27         CARRY4 (Prop_carry4_S[2]_CO[3])
                                                      0.398    11.801 r  count_reg[0]_i_26/CO[3]
                         net (fo=1, routed)           0.000    11.801    count_reg[0]_i_26_n_0
    SLICE_X39Y28         CARRY4 (Prop_carry4_CI_CO[3])
                                                      0.114    11.915 r  count_reg[0]_i_12/CO[3]
                         net (fo=1, routed)           0.000    11.915    count_reg[0]_i_12_n_0
    SLICE_X39Y29         CARRY4 (Prop_carry4_CI_CO[2])
                                                      0.228    12.143 f  count_reg[0]_i_4/CO[2]
                         net (fo=1, routed)           0.659    12.801    count_reg[0]_i_4_n_1
    SLICE_X41Y28         LUT3 (Prop_lut3_I2_O)        0.313    13.114 r  count[0]_i_1/O
                         net (fo=32, routed)          0.753    13.867    count
    SLICE_X40Y30         FDRE                                         r  count_reg[25]/R
  -------------------------------------------------------------------    -------------------

                         (clock sys_clk_pin fall edge)
                                                     12.000    12.000 f  
    K17                                               0.000    12.000 f  clock (IN)
                         net (fo=0)                   0.000    12.000    clock
    K17                  IBUF (Prop_ibuf_I_O)         1.421    13.421 f  clock_IBUF_inst/O
                         net (fo=1, routed)           1.880    15.301    clock_IBUF
    BUFGCTRL_X0Y16       BUFG (Prop_bufg_I_O)         0.091    15.392 f  clock_IBUF_BUFG_inst/O
                         net (fo=33, routed)          1.568    16.960    clock_IBUF_BUFG
    SLICE_X40Y30         FDRE                                         r  count_reg[25]/C  (IS_INVERTED)
                         clock pessimism              0.429    17.390    
                         clock uncertainty           -0.035    17.354    
    SLICE_X40Y30         FDRE (Setup_fdre_C_R)       -0.426    16.928    count_reg[25]
  -------------------------------------------------------------------
                         required time                         16.928    
                         arrival time                         -13.867    
  -------------------------------------------------------------------
                         slack                                  3.061    





Min Delay Paths
--------------------------------------------------------------------------------------
Slack (MET) :             0.334ns  (arrival time - required time)
  Source:                 count_reg[0]/C
                            (falling edge-triggered cell FDRE clocked by sys_clk_pin  {rise@0.000ns fall@4.000ns period=8.000ns})
  Destination:            count_reg[0]/D
                            (falling edge-triggered cell FDRE clocked by sys_clk_pin  {rise@0.000ns fall@4.000ns period=8.000ns})
  Path Group:             sys_clk_pin
  Path Type:              Hold (Min at Fast Process Corner)
  Requirement:            0.000ns  (sys_clk_pin fall@4.000ns - sys_clk_pin fall@4.000ns)
  Data Path Delay:        0.446ns  (logic 0.261ns (58.547%)  route 0.185ns (41.453%))
  Logic Levels:           2  (CARRY4=1 LUT1=1)
  Clock Path Skew:        0.000ns (DCD - SCD - CPR)
    Destination Clock Delay (DCD):    2.006ns = ( 6.006 - 4.000 ) 
    Source Clock Delay      (SCD):    1.493ns = ( 5.493 - 4.000 ) 
    Clock Pessimism Removal (CPR):    0.513ns

    Location             Delay type                Incr(ns)  Path(ns)    Netlist Resource(s)
  -------------------------------------------------------------------    -------------------
                         (clock sys_clk_pin fall edge)
                                                      4.000     4.000 f  
    K17                                               0.000     4.000 f  clock (IN)
                         net (fo=0)                   0.000     4.000    clock
    K17                  IBUF (Prop_ibuf_I_O)         0.259     4.260 f  clock_IBUF_inst/O
                         net (fo=1, routed)           0.627     4.887    clock_IBUF
    BUFGCTRL_X0Y16       BUFG (Prop_bufg_I_O)         0.026     4.913 f  clock_IBUF_BUFG_inst/O
                         net (fo=33, routed)          0.581     5.493    clock_IBUF_BUFG
    SLICE_X40Y24         FDRE                                         r  count_reg[0]/C  (IS_INVERTED)
  -------------------------------------------------------------------    -------------------
    SLICE_X40Y24         FDRE (Prop_fdre_C_Q)         0.146     5.639 f  count_reg[0]/Q
                         net (fo=3, routed)           0.185     5.824    count_reg[0]
    SLICE_X40Y24         LUT1 (Prop_lut1_I0_O)        0.045     5.869 r  count[0]_i_5/O
                         net (fo=1, routed)           0.000     5.869    count[0]_i_5_n_0
    SLICE_X40Y24         CARRY4 (Prop_carry4_S[0]_O[0])
                                                      0.070     5.939 r  count_reg[0]_i_2/O[0]
                         net (fo=1, routed)           0.000     5.939    count_reg[0]_i_2_n_7
    SLICE_X40Y24         FDRE                                         r  count_reg[0]/D
  -------------------------------------------------------------------    -------------------

                         (clock sys_clk_pin fall edge)
                                                      4.000     4.000 f  
    K17                                               0.000     4.000 f  clock (IN)
                         net (fo=0)                   0.000     4.000    clock
    K17                  IBUF (Prop_ibuf_I_O)         0.447     4.447 f  clock_IBUF_inst/O
                         net (fo=1, routed)           0.683     5.130    clock_IBUF
    BUFGCTRL_X0Y16       BUFG (Prop_bufg_I_O)         0.029     5.159 f  clock_IBUF_BUFG_inst/O
                         net (fo=33, routed)          0.847     6.006    clock_IBUF_BUFG
    SLICE_X40Y24         FDRE                                         r  count_reg[0]/C  (IS_INVERTED)
                         clock pessimism             -0.513     5.493    
    SLICE_X40Y24         FDRE (Hold_fdre_C_D)         0.112     5.605    count_reg[0]
  -------------------------------------------------------------------
                         required time                         -5.605    
                         arrival time                           5.939    
  -------------------------------------------------------------------
                         slack                                  0.334    

Slack (MET) :             0.346ns  (arrival time - required time)
  Source:                 count_reg[22]/C
                            (falling edge-triggered cell FDRE clocked by sys_clk_pin  {rise@0.000ns fall@4.000ns period=8.000ns})
  Destination:            clk_1_reg/D
                            (falling edge-triggered cell FDRE clocked by sys_clk_pin  {rise@0.000ns fall@4.000ns period=8.000ns})
  Path Group:             sys_clk_pin
  Path Type:              Hold (Min at Fast Process Corner)
  Requirement:            0.000ns  (sys_clk_pin fall@4.000ns - sys_clk_pin fall@4.000ns)
  Data Path Delay:        0.522ns  (logic 0.340ns (65.092%)  route 0.182ns (34.908%))
  Logic Levels:           3  (CARRY4=2 LUT2=1)
  Clock Path Skew:        0.013ns (DCD - SCD - CPR)
    Destination Clock Delay (DCD):    2.010ns = ( 6.010 - 4.000 ) 
    Source Clock Delay      (SCD):    1.497ns = ( 5.497 - 4.000 ) 
    Clock Pessimism Removal (CPR):    0.500ns

    Location             Delay type                Incr(ns)  Path(ns)    Netlist Resource(s)
  -------------------------------------------------------------------    -------------------
                         (clock sys_clk_pin fall edge)
                                                      4.000     4.000 f  
    K17                                               0.000     4.000 f  clock (IN)
                         net (fo=0)                   0.000     4.000    clock
    K17                  IBUF (Prop_ibuf_I_O)         0.259     4.260 f  clock_IBUF_inst/O
                         net (fo=1, routed)           0.627     4.887    clock_IBUF
    BUFGCTRL_X0Y16       BUFG (Prop_bufg_I_O)         0.026     4.913 f  clock_IBUF_BUFG_inst/O
                         net (fo=33, routed)          0.585     5.497    clock_IBUF_BUFG
    SLICE_X40Y29         FDRE                                         r  count_reg[22]/C  (IS_INVERTED)
  -------------------------------------------------------------------    -------------------
    SLICE_X40Y29         FDRE (Prop_fdre_C_Q)         0.146     5.643 f  count_reg[22]/Q
                         net (fo=5, routed)           0.182     5.826    count_reg[22]
    SLICE_X42Y27         LUT2 (Prop_lut2_I0_O)        0.045     5.871 r  clk_1_i_11/O
                         net (fo=1, routed)           0.000     5.871    clk_1_i_11_n_0
    SLICE_X42Y27         CARRY4 (Prop_carry4_S[3]_CO[3])
                                                      0.109     5.980 r  clk_1_reg_i_2/CO[3]
                         net (fo=1, routed)           0.000     5.980    clk_1_reg_i_2_n_0
    SLICE_X42Y28         CARRY4 (Prop_carry4_CI_CO[3])
                                                      0.040     6.020 r  clk_1_reg_i_1/CO[3]
                         net (fo=2, routed)           0.000     6.020    clk_1_reg_i_1_n_0
    SLICE_X42Y28         FDRE                                         r  clk_1_reg/D
  -------------------------------------------------------------------    -------------------

                         (clock sys_clk_pin fall edge)
                                                      4.000     4.000 f  
    K17                                               0.000     4.000 f  clock (IN)
                         net (fo=0)                   0.000     4.000    clock
    K17                  IBUF (Prop_ibuf_I_O)         0.447     4.447 f  clock_IBUF_inst/O
                         net (fo=1, routed)           0.683     5.130    clock_IBUF
    BUFGCTRL_X0Y16       BUFG (Prop_bufg_I_O)         0.029     5.159 f  clock_IBUF_BUFG_inst/O
                         net (fo=33, routed)          0.851     6.010    clock_IBUF_BUFG
    SLICE_X42Y28         FDRE                                         r  clk_1_reg/C  (IS_INVERTED)
                         clock pessimism             -0.500     5.510    
    SLICE_X42Y28         FDRE (Hold_fdre_C_D)         0.163     5.673    clk_1_reg
  -------------------------------------------------------------------
                         required time                         -5.673    
                         arrival time                           6.020    
  -------------------------------------------------------------------
                         slack                                  0.346    

Slack (MET) :             0.349ns  (arrival time - required time)
  Source:                 count_reg[3]/C
                            (falling edge-triggered cell FDRE clocked by sys_clk_pin  {rise@0.000ns fall@4.000ns period=8.000ns})
  Destination:            count_reg[3]/D
                            (falling edge-triggered cell FDRE clocked by sys_clk_pin  {rise@0.000ns fall@4.000ns period=8.000ns})
  Path Group:             sys_clk_pin
  Path Type:              Hold (Min at Fast Process Corner)
  Requirement:            0.000ns  (sys_clk_pin fall@4.000ns - sys_clk_pin fall@4.000ns)
  Data Path Delay:        0.461ns  (logic 0.254ns (55.083%)  route 0.207ns (44.917%))
  Logic Levels:           1  (CARRY4=1)
  Clock Path Skew:        0.000ns (DCD - SCD - CPR)
    Destination Clock Delay (DCD):    2.006ns = ( 6.006 - 4.000 ) 
    Source Clock Delay      (SCD):    1.493ns = ( 5.493 - 4.000 ) 
    Clock Pessimism Removal (CPR):    0.513ns

    Location             Delay type                Incr(ns)  Path(ns)    Netlist Resource(s)
  -------------------------------------------------------------------    -------------------
                         (clock sys_clk_pin fall edge)
                                                      4.000     4.000 f  
    K17                                               0.000     4.000 f  clock (IN)
                         net (fo=0)                   0.000     4.000    clock
    K17                  IBUF (Prop_ibuf_I_O)         0.259     4.260 f  clock_IBUF_inst/O
                         net (fo=1, routed)           0.627     4.887    clock_IBUF
    BUFGCTRL_X0Y16       BUFG (Prop_bufg_I_O)         0.026     4.913 f  clock_IBUF_BUFG_inst/O
                         net (fo=33, routed)          0.581     5.493    clock_IBUF_BUFG
    SLICE_X40Y24         FDRE                                         r  count_reg[3]/C  (IS_INVERTED)
  -------------------------------------------------------------------    -------------------
    SLICE_X40Y24         FDRE (Prop_fdre_C_Q)         0.146     5.639 r  count_reg[3]/Q
                         net (fo=5, routed)           0.207     5.846    count_reg[3]
    SLICE_X40Y24         CARRY4 (Prop_carry4_S[3]_O[3])
                                                      0.108     5.954 r  count_reg[0]_i_2/O[3]
                         net (fo=1, routed)           0.000     5.954    count_reg[0]_i_2_n_4
    SLICE_X40Y24         FDRE                                         r  count_reg[3]/D
  -------------------------------------------------------------------    -------------------

                         (clock sys_clk_pin fall edge)
                                                      4.000     4.000 f  
    K17                                               0.000     4.000 f  clock (IN)
                         net (fo=0)                   0.000     4.000    clock
    K17                  IBUF (Prop_ibuf_I_O)         0.447     4.447 f  clock_IBUF_inst/O
                         net (fo=1, routed)           0.683     5.130    clock_IBUF
    BUFGCTRL_X0Y16       BUFG (Prop_bufg_I_O)         0.029     5.159 f  clock_IBUF_BUFG_inst/O
                         net (fo=33, routed)          0.847     6.006    clock_IBUF_BUFG
    SLICE_X40Y24         FDRE                                         r  count_reg[3]/C  (IS_INVERTED)
                         clock pessimism             -0.513     5.493    
    SLICE_X40Y24         FDRE (Hold_fdre_C_D)         0.112     5.605    count_reg[3]
  -------------------------------------------------------------------
                         required time                         -5.605    
                         arrival time                           5.954    
  -------------------------------------------------------------------
                         slack                                  0.349    

Slack (MET) :             0.349ns  (arrival time - required time)
  Source:                 count_reg[7]/C
                            (falling edge-triggered cell FDRE clocked by sys_clk_pin  {rise@0.000ns fall@4.000ns period=8.000ns})
  Destination:            count_reg[7]/D
                            (falling edge-triggered cell FDRE clocked by sys_clk_pin  {rise@0.000ns fall@4.000ns period=8.000ns})
  Path Group:             sys_clk_pin
  Path Type:              Hold (Min at Fast Process Corner)
  Requirement:            0.000ns  (sys_clk_pin fall@4.000ns - sys_clk_pin fall@4.000ns)
  Data Path Delay:        0.461ns  (logic 0.254ns (55.083%)  route 0.207ns (44.917%))
  Logic Levels:           1  (CARRY4=1)
  Clock Path Skew:        0.000ns (DCD - SCD - CPR)
    Destination Clock Delay (DCD):    2.006ns = ( 6.006 - 4.000 ) 
    Source Clock Delay      (SCD):    1.493ns = ( 5.493 - 4.000 ) 
    Clock Pessimism Removal (CPR):    0.513ns

    Location             Delay type                Incr(ns)  Path(ns)    Netlist Resource(s)
  -------------------------------------------------------------------    -------------------
                         (clock sys_clk_pin fall edge)
                                                      4.000     4.000 f  
    K17                                               0.000     4.000 f  clock (IN)
                         net (fo=0)                   0.000     4.000    clock
    K17                  IBUF (Prop_ibuf_I_O)         0.259     4.260 f  clock_IBUF_inst/O
                         net (fo=1, routed)           0.627     4.887    clock_IBUF
    BUFGCTRL_X0Y16       BUFG (Prop_bufg_I_O)         0.026     4.913 f  clock_IBUF_BUFG_inst/O
                         net (fo=33, routed)          0.581     5.493    clock_IBUF_BUFG
    SLICE_X40Y25         FDRE                                         r  count_reg[7]/C  (IS_INVERTED)
  -------------------------------------------------------------------    -------------------
    SLICE_X40Y25         FDRE (Prop_fdre_C_Q)         0.146     5.639 r  count_reg[7]/Q
                         net (fo=4, routed)           0.207     5.846    count_reg[7]
    SLICE_X40Y25         CARRY4 (Prop_carry4_S[3]_O[3])
                                                      0.108     5.954 r  count_reg[4]_i_1/O[3]
                         net (fo=1, routed)           0.000     5.954    count_reg[4]_i_1_n_4
    SLICE_X40Y25         FDRE                                         r  count_reg[7]/D
  -------------------------------------------------------------------    -------------------

                         (clock sys_clk_pin fall edge)
                                                      4.000     4.000 f  
    K17                                               0.000     4.000 f  clock (IN)
                         net (fo=0)                   0.000     4.000    clock
    K17                  IBUF (Prop_ibuf_I_O)         0.447     4.447 f  clock_IBUF_inst/O
                         net (fo=1, routed)           0.683     5.130    clock_IBUF
    BUFGCTRL_X0Y16       BUFG (Prop_bufg_I_O)         0.029     5.159 f  clock_IBUF_BUFG_inst/O
                         net (fo=33, routed)          0.847     6.006    clock_IBUF_BUFG
    SLICE_X40Y25         FDRE                                         r  count_reg[7]/C  (IS_INVERTED)
                         clock pessimism             -0.513     5.493    
    SLICE_X40Y25         FDRE (Hold_fdre_C_D)         0.112     5.605    count_reg[7]
  -------------------------------------------------------------------
                         required time                         -5.605    
                         arrival time                           5.954    
  -------------------------------------------------------------------
                         slack                                  0.349    

Slack (MET) :             0.350ns  (arrival time - required time)
  Source:                 count_reg[24]/C
                            (falling edge-triggered cell FDRE clocked by sys_clk_pin  {rise@0.000ns fall@4.000ns period=8.000ns})
  Destination:            count_reg[24]/D
                            (falling edge-triggered cell FDRE clocked by sys_clk_pin  {rise@0.000ns fall@4.000ns period=8.000ns})
  Path Group:             sys_clk_pin
  Path Type:              Hold (Min at Fast Process Corner)
  Requirement:            0.000ns  (sys_clk_pin fall@4.000ns - sys_clk_pin fall@4.000ns)
  Data Path Delay:        0.462ns  (logic 0.261ns (56.529%)  route 0.201ns (43.471%))
  Logic Levels:           1  (CARRY4=1)
  Clock Path Skew:        0.000ns (DCD - SCD - CPR)
    Destination Clock Delay (DCD):    2.012ns = ( 6.012 - 4.000 ) 
    Source Clock Delay      (SCD):    1.498ns = ( 5.498 - 4.000 ) 
    Clock Pessimism Removal (CPR):    0.514ns

    Location             Delay type                Incr(ns)  Path(ns)    Netlist Resource(s)
  -------------------------------------------------------------------    -------------------
                         (clock sys_clk_pin fall edge)
                                                      4.000     4.000 f  
    K17                                               0.000     4.000 f  clock (IN)
                         net (fo=0)                   0.000     4.000    clock
    K17                  IBUF (Prop_ibuf_I_O)         0.259     4.260 f  clock_IBUF_inst/O
                         net (fo=1, routed)           0.627     4.887    clock_IBUF
    BUFGCTRL_X0Y16       BUFG (Prop_bufg_I_O)         0.026     4.913 f  clock_IBUF_BUFG_inst/O
                         net (fo=33, routed)          0.586     5.498    clock_IBUF_BUFG
    SLICE_X40Y30         FDRE                                         r  count_reg[24]/C  (IS_INVERTED)
  -------------------------------------------------------------------    -------------------
    SLICE_X40Y30         FDRE (Prop_fdre_C_Q)         0.146     5.644 r  count_reg[24]/Q
                         net (fo=6, routed)           0.201     5.845    count_reg[24]
    SLICE_X40Y30         CARRY4 (Prop_carry4_S[0]_O[0])
                                                      0.115     5.960 r  count_reg[24]_i_1/O[0]
                         net (fo=1, routed)           0.000     5.960    count_reg[24]_i_1_n_7
    SLICE_X40Y30         FDRE                                         r  count_reg[24]/D
  -------------------------------------------------------------------    -------------------

                         (clock sys_clk_pin fall edge)
                                                      4.000     4.000 f  
    K17                                               0.000     4.000 f  clock (IN)
                         net (fo=0)                   0.000     4.000    clock
    K17                  IBUF (Prop_ibuf_I_O)         0.447     4.447 f  clock_IBUF_inst/O
                         net (fo=1, routed)           0.683     5.130    clock_IBUF
    BUFGCTRL_X0Y16       BUFG (Prop_bufg_I_O)         0.029     5.159 f  clock_IBUF_BUFG_inst/O
                         net (fo=33, routed)          0.853     6.012    clock_IBUF_BUFG
    SLICE_X40Y30         FDRE                                         r  count_reg[24]/C  (IS_INVERTED)
                         clock pessimism             -0.514     5.498    
    SLICE_X40Y30         FDRE (Hold_fdre_C_D)         0.112     5.610    count_reg[24]
  -------------------------------------------------------------------
                         required time                         -5.610    
                         arrival time                           5.960    
  -------------------------------------------------------------------
                         slack                                  0.350    

Slack (MET) :             0.359ns  (arrival time - required time)
  Source:                 count_reg[28]/C
                            (falling edge-triggered cell FDRE clocked by sys_clk_pin  {rise@0.000ns fall@4.000ns period=8.000ns})
  Destination:            count_reg[28]/D
                            (falling edge-triggered cell FDRE clocked by sys_clk_pin  {rise@0.000ns fall@4.000ns period=8.000ns})
  Path Group:             sys_clk_pin
  Path Type:              Hold (Min at Fast Process Corner)
  Requirement:            0.000ns  (sys_clk_pin fall@4.000ns - sys_clk_pin fall@4.000ns)
  Data Path Delay:        0.471ns  (logic 0.261ns (55.443%)  route 0.210ns (44.557%))
  Logic Levels:           1  (CARRY4=1)
  Clock Path Skew:        0.000ns (DCD - SCD - CPR)
    Destination Clock Delay (DCD):    2.013ns = ( 6.013 - 4.000 ) 
    Source Clock Delay      (SCD):    1.499ns = ( 5.499 - 4.000 ) 
    Clock Pessimism Removal (CPR):    0.514ns

    Location             Delay type                Incr(ns)  Path(ns)    Netlist Resource(s)
  -------------------------------------------------------------------    -------------------
                         (clock sys_clk_pin fall edge)
                                                      4.000     4.000 f  
    K17                                               0.000     4.000 f  clock (IN)
                         net (fo=0)                   0.000     4.000    clock
    K17                  IBUF (Prop_ibuf_I_O)         0.259     4.260 f  clock_IBUF_inst/O
                         net (fo=1, routed)           0.627     4.887    clock_IBUF
    BUFGCTRL_X0Y16       BUFG (Prop_bufg_I_O)         0.026     4.913 f  clock_IBUF_BUFG_inst/O
                         net (fo=33, routed)          0.587     5.499    clock_IBUF_BUFG
    SLICE_X40Y31         FDRE                                         r  count_reg[28]/C  (IS_INVERTED)
  -------------------------------------------------------------------    -------------------
    SLICE_X40Y31         FDRE (Prop_fdre_C_Q)         0.146     5.645 r  count_reg[28]/Q
                         net (fo=5, routed)           0.210     5.855    count_reg[28]
    SLICE_X40Y31         CARRY4 (Prop_carry4_S[0]_O[0])
                                                      0.115     5.970 r  count_reg[28]_i_1/O[0]
                         net (fo=1, routed)           0.000     5.970    count_reg[28]_i_1_n_7
    SLICE_X40Y31         FDRE                                         r  count_reg[28]/D
  -------------------------------------------------------------------    -------------------

                         (clock sys_clk_pin fall edge)
                                                      4.000     4.000 f  
    K17                                               0.000     4.000 f  clock (IN)
                         net (fo=0)                   0.000     4.000    clock
    K17                  IBUF (Prop_ibuf_I_O)         0.447     4.447 f  clock_IBUF_inst/O
                         net (fo=1, routed)           0.683     5.130    clock_IBUF
    BUFGCTRL_X0Y16       BUFG (Prop_bufg_I_O)         0.029     5.159 f  clock_IBUF_BUFG_inst/O
                         net (fo=33, routed)          0.854     6.013    clock_IBUF_BUFG
    SLICE_X40Y31         FDRE                                         r  count_reg[28]/C  (IS_INVERTED)
                         clock pessimism             -0.514     5.499    
    SLICE_X40Y31         FDRE (Hold_fdre_C_D)         0.112     5.611    count_reg[28]
  -------------------------------------------------------------------
                         required time                         -5.611    
                         arrival time                           5.970    
  -------------------------------------------------------------------
                         slack                                  0.359    

Slack (MET) :             0.360ns  (arrival time - required time)
  Source:                 count_reg[12]/C
                            (falling edge-triggered cell FDRE clocked by sys_clk_pin  {rise@0.000ns fall@4.000ns period=8.000ns})
  Destination:            count_reg[12]/D
                            (falling edge-triggered cell FDRE clocked by sys_clk_pin  {rise@0.000ns fall@4.000ns period=8.000ns})
  Path Group:             sys_clk_pin
  Path Type:              Hold (Min at Fast Process Corner)
  Requirement:            0.000ns  (sys_clk_pin fall@4.000ns - sys_clk_pin fall@4.000ns)
  Data Path Delay:        0.472ns  (logic 0.261ns (55.345%)  route 0.211ns (44.655%))
  Logic Levels:           1  (CARRY4=1)
  Clock Path Skew:        0.000ns (DCD - SCD - CPR)
    Destination Clock Delay (DCD):    2.009ns = ( 6.009 - 4.000 ) 
    Source Clock Delay      (SCD):    1.496ns = ( 5.496 - 4.000 ) 
    Clock Pessimism Removal (CPR):    0.513ns

    Location             Delay type                Incr(ns)  Path(ns)    Netlist Resource(s)
  -------------------------------------------------------------------    -------------------
                         (clock sys_clk_pin fall edge)
                                                      4.000     4.000 f  
    K17                                               0.000     4.000 f  clock (IN)
                         net (fo=0)                   0.000     4.000    clock
    K17                  IBUF (Prop_ibuf_I_O)         0.259     4.260 f  clock_IBUF_inst/O
                         net (fo=1, routed)           0.627     4.887    clock_IBUF
    BUFGCTRL_X0Y16       BUFG (Prop_bufg_I_O)         0.026     4.913 f  clock_IBUF_BUFG_inst/O
                         net (fo=33, routed)          0.584     5.496    clock_IBUF_BUFG
    SLICE_X40Y27         FDRE                                         r  count_reg[12]/C  (IS_INVERTED)
  -------------------------------------------------------------------    -------------------
    SLICE_X40Y27         FDRE (Prop_fdre_C_Q)         0.146     5.642 r  count_reg[12]/Q
                         net (fo=5, routed)           0.211     5.853    count_reg[12]
    SLICE_X40Y27         CARRY4 (Prop_carry4_S[0]_O[0])
                                                      0.115     5.968 r  count_reg[12]_i_1/O[0]
                         net (fo=1, routed)           0.000     5.968    count_reg[12]_i_1_n_7
    SLICE_X40Y27         FDRE                                         r  count_reg[12]/D
  -------------------------------------------------------------------    -------------------

                         (clock sys_clk_pin fall edge)
                                                      4.000     4.000 f  
    K17                                               0.000     4.000 f  clock (IN)
                         net (fo=0)                   0.000     4.000    clock
    K17                  IBUF (Prop_ibuf_I_O)         0.447     4.447 f  clock_IBUF_inst/O
                         net (fo=1, routed)           0.683     5.130    clock_IBUF
    BUFGCTRL_X0Y16       BUFG (Prop_bufg_I_O)         0.029     5.159 f  clock_IBUF_BUFG_inst/O
                         net (fo=33, routed)          0.850     6.009    clock_IBUF_BUFG
    SLICE_X40Y27         FDRE                                         r  count_reg[12]/C  (IS_INVERTED)
                         clock pessimism             -0.513     5.496    
    SLICE_X40Y27         FDRE (Hold_fdre_C_D)         0.112     5.608    count_reg[12]
  -------------------------------------------------------------------
                         required time                         -5.608    
                         arrival time                           5.968    
  -------------------------------------------------------------------
                         slack                                  0.360    

Slack (MET) :             0.362ns  (arrival time - required time)
  Source:                 count_reg[20]/C
                            (falling edge-triggered cell FDRE clocked by sys_clk_pin  {rise@0.000ns fall@4.000ns period=8.000ns})
  Destination:            count_reg[20]/D
                            (falling edge-triggered cell FDRE clocked by sys_clk_pin  {rise@0.000ns fall@4.000ns period=8.000ns})
  Path Group:             sys_clk_pin
  Path Type:              Hold (Min at Fast Process Corner)
  Requirement:            0.000ns  (sys_clk_pin fall@4.000ns - sys_clk_pin fall@4.000ns)
  Data Path Delay:        0.474ns  (logic 0.261ns (55.074%)  route 0.213ns (44.926%))
  Logic Levels:           1  (CARRY4=1)
  Clock Path Skew:        0.000ns (DCD - SCD - CPR)
    Destination Clock Delay (DCD):    2.011ns = ( 6.011 - 4.000 ) 
    Source Clock Delay      (SCD):    1.497ns = ( 5.497 - 4.000 ) 
    Clock Pessimism Removal (CPR):    0.514ns

    Location             Delay type                Incr(ns)  Path(ns)    Netlist Resource(s)
  -------------------------------------------------------------------    -------------------
                         (clock sys_clk_pin fall edge)
                                                      4.000     4.000 f  
    K17                                               0.000     4.000 f  clock (IN)
                         net (fo=0)                   0.000     4.000    clock
    K17                  IBUF (Prop_ibuf_I_O)         0.259     4.260 f  clock_IBUF_inst/O
                         net (fo=1, routed)           0.627     4.887    clock_IBUF
    BUFGCTRL_X0Y16       BUFG (Prop_bufg_I_O)         0.026     4.913 f  clock_IBUF_BUFG_inst/O
                         net (fo=33, routed)          0.585     5.497    clock_IBUF_BUFG
    SLICE_X40Y29         FDRE                                         r  count_reg[20]/C  (IS_INVERTED)
  -------------------------------------------------------------------    -------------------
    SLICE_X40Y29         FDRE (Prop_fdre_C_Q)         0.146     5.643 r  count_reg[20]/Q
                         net (fo=6, routed)           0.213     5.856    count_reg[20]
    SLICE_X40Y29         CARRY4 (Prop_carry4_S[0]_O[0])
                                                      0.115     5.971 r  count_reg[20]_i_1/O[0]
                         net (fo=1, routed)           0.000     5.971    count_reg[20]_i_1_n_7
    SLICE_X40Y29         FDRE                                         r  count_reg[20]/D
  -------------------------------------------------------------------    -------------------

                         (clock sys_clk_pin fall edge)
                                                      4.000     4.000 f  
    K17                                               0.000     4.000 f  clock (IN)
                         net (fo=0)                   0.000     4.000    clock
    K17                  IBUF (Prop_ibuf_I_O)         0.447     4.447 f  clock_IBUF_inst/O
                         net (fo=1, routed)           0.683     5.130    clock_IBUF
    BUFGCTRL_X0Y16       BUFG (Prop_bufg_I_O)         0.029     5.159 f  clock_IBUF_BUFG_inst/O
                         net (fo=33, routed)          0.852     6.011    clock_IBUF_BUFG
    SLICE_X40Y29         FDRE                                         r  count_reg[20]/C  (IS_INVERTED)
                         clock pessimism             -0.514     5.497    
    SLICE_X40Y29         FDRE (Hold_fdre_C_D)         0.112     5.609    count_reg[20]
  -------------------------------------------------------------------
                         required time                         -5.609    
                         arrival time                           5.971    
  -------------------------------------------------------------------
                         slack                                  0.362    

Slack (MET) :             0.362ns  (arrival time - required time)
  Source:                 count_reg[8]/C
                            (falling edge-triggered cell FDRE clocked by sys_clk_pin  {rise@0.000ns fall@4.000ns period=8.000ns})
  Destination:            count_reg[8]/D
                            (falling edge-triggered cell FDRE clocked by sys_clk_pin  {rise@0.000ns fall@4.000ns period=8.000ns})
  Path Group:             sys_clk_pin
  Path Type:              Hold (Min at Fast Process Corner)
  Requirement:            0.000ns  (sys_clk_pin fall@4.000ns - sys_clk_pin fall@4.000ns)
  Data Path Delay:        0.474ns  (logic 0.261ns (55.074%)  route 0.213ns (44.926%))
  Logic Levels:           1  (CARRY4=1)
  Clock Path Skew:        0.000ns (DCD - SCD - CPR)
    Destination Clock Delay (DCD):    2.007ns = ( 6.007 - 4.000 ) 
    Source Clock Delay      (SCD):    1.494ns = ( 5.494 - 4.000 ) 
    Clock Pessimism Removal (CPR):    0.513ns

    Location             Delay type                Incr(ns)  Path(ns)    Netlist Resource(s)
  -------------------------------------------------------------------    -------------------
                         (clock sys_clk_pin fall edge)
                                                      4.000     4.000 f  
    K17                                               0.000     4.000 f  clock (IN)
                         net (fo=0)                   0.000     4.000    clock
    K17                  IBUF (Prop_ibuf_I_O)         0.259     4.260 f  clock_IBUF_inst/O
                         net (fo=1, routed)           0.627     4.887    clock_IBUF
    BUFGCTRL_X0Y16       BUFG (Prop_bufg_I_O)         0.026     4.913 f  clock_IBUF_BUFG_inst/O
                         net (fo=33, routed)          0.582     5.494    clock_IBUF_BUFG
    SLICE_X40Y26         FDRE                                         r  count_reg[8]/C  (IS_INVERTED)
  -------------------------------------------------------------------    -------------------
    SLICE_X40Y26         FDRE (Prop_fdre_C_Q)         0.146     5.640 r  count_reg[8]/Q
                         net (fo=6, routed)           0.213     5.853    count_reg[8]
    SLICE_X40Y26         CARRY4 (Prop_carry4_S[0]_O[0])
                                                      0.115     5.968 r  count_reg[8]_i_1/O[0]
                         net (fo=1, routed)           0.000     5.968    count_reg[8]_i_1_n_7
    SLICE_X40Y26         FDRE                                         r  count_reg[8]/D
  -------------------------------------------------------------------    -------------------

                         (clock sys_clk_pin fall edge)
                                                      4.000     4.000 f  
    K17                                               0.000     4.000 f  clock (IN)
                         net (fo=0)                   0.000     4.000    clock
    K17                  IBUF (Prop_ibuf_I_O)         0.447     4.447 f  clock_IBUF_inst/O
                         net (fo=1, routed)           0.683     5.130    clock_IBUF
    BUFGCTRL_X0Y16       BUFG (Prop_bufg_I_O)         0.029     5.159 f  clock_IBUF_BUFG_inst/O
                         net (fo=33, routed)          0.848     6.007    clock_IBUF_BUFG
    SLICE_X40Y26         FDRE                                         r  count_reg[8]/C  (IS_INVERTED)
                         clock pessimism             -0.513     5.494    
    SLICE_X40Y26         FDRE (Hold_fdre_C_D)         0.112     5.606    count_reg[8]
  -------------------------------------------------------------------
                         required time                         -5.606    
                         arrival time                           5.968    
  -------------------------------------------------------------------
                         slack                                  0.362    

Slack (MET) :             0.370ns  (arrival time - required time)
  Source:                 count_reg[0]/C
                            (falling edge-triggered cell FDRE clocked by sys_clk_pin  {rise@0.000ns fall@4.000ns period=8.000ns})
  Destination:            count_reg[1]/D
                            (falling edge-triggered cell FDRE clocked by sys_clk_pin  {rise@0.000ns fall@4.000ns period=8.000ns})
  Path Group:             sys_clk_pin
  Path Type:              Hold (Min at Fast Process Corner)
  Requirement:            0.000ns  (sys_clk_pin fall@4.000ns - sys_clk_pin fall@4.000ns)
  Data Path Delay:        0.482ns  (logic 0.297ns (61.644%)  route 0.185ns (38.356%))
  Logic Levels:           2  (CARRY4=1 LUT1=1)
  Clock Path Skew:        0.000ns (DCD - SCD - CPR)
    Destination Clock Delay (DCD):    2.006ns = ( 6.006 - 4.000 ) 
    Source Clock Delay      (SCD):    1.493ns = ( 5.493 - 4.000 ) 
    Clock Pessimism Removal (CPR):    0.513ns

    Location             Delay type                Incr(ns)  Path(ns)    Netlist Resource(s)
  -------------------------------------------------------------------    -------------------
                         (clock sys_clk_pin fall edge)
                                                      4.000     4.000 f  
    K17                                               0.000     4.000 f  clock (IN)
                         net (fo=0)                   0.000     4.000    clock
    K17                  IBUF (Prop_ibuf_I_O)         0.259     4.260 f  clock_IBUF_inst/O
                         net (fo=1, routed)           0.627     4.887    clock_IBUF
    BUFGCTRL_X0Y16       BUFG (Prop_bufg_I_O)         0.026     4.913 f  clock_IBUF_BUFG_inst/O
                         net (fo=33, routed)          0.581     5.493    clock_IBUF_BUFG
    SLICE_X40Y24         FDRE                                         r  count_reg[0]/C  (IS_INVERTED)
  -------------------------------------------------------------------    -------------------
    SLICE_X40Y24         FDRE (Prop_fdre_C_Q)         0.146     5.639 f  count_reg[0]/Q
                         net (fo=3, routed)           0.185     5.824    count_reg[0]
    SLICE_X40Y24         LUT1 (Prop_lut1_I0_O)        0.045     5.869 r  count[0]_i_5/O
                         net (fo=1, routed)           0.000     5.869    count[0]_i_5_n_0
    SLICE_X40Y24         CARRY4 (Prop_carry4_S[0]_O[1])
                                                      0.106     5.975 r  count_reg[0]_i_2/O[1]
                         net (fo=1, routed)           0.000     5.975    count_reg[0]_i_2_n_6
    SLICE_X40Y24         FDRE                                         r  count_reg[1]/D
  -------------------------------------------------------------------    -------------------

                         (clock sys_clk_pin fall edge)
                                                      4.000     4.000 f  
    K17                                               0.000     4.000 f  clock (IN)
                         net (fo=0)                   0.000     4.000    clock
    K17                  IBUF (Prop_ibuf_I_O)         0.447     4.447 f  clock_IBUF_inst/O
                         net (fo=1, routed)           0.683     5.130    clock_IBUF
    BUFGCTRL_X0Y16       BUFG (Prop_bufg_I_O)         0.029     5.159 f  clock_IBUF_BUFG_inst/O
                         net (fo=33, routed)          0.847     6.006    clock_IBUF_BUFG
    SLICE_X40Y24         FDRE                                         r  count_reg[1]/C  (IS_INVERTED)
                         clock pessimism             -0.513     5.493    
    SLICE_X40Y24         FDRE (Hold_fdre_C_D)         0.112     5.605    count_reg[1]
  -------------------------------------------------------------------
                         required time                         -5.605    
                         arrival time                           5.975    
  -------------------------------------------------------------------
                         slack                                  0.370    





Pulse Width Checks
--------------------------------------------------------------------------------------
Clock Name:         sys_clk_pin
Waveform(ns):       { 0.000 4.000 }
Period(ns):         8.000
Sources:            { clock }

Check Type        Corner  Lib Pin  Reference Pin  Required(ns)  Actual(ns)  Slack(ns)  Location        Pin
Min Period        n/a     BUFG/I   n/a            2.155         8.000       5.845      BUFGCTRL_X0Y16  clock_IBUF_BUFG_inst/I
Min Period        n/a     FDRE/C   n/a            1.000         8.000       7.000      SLICE_X42Y28    clk_1_reg/C
Min Period        n/a     FDRE/C   n/a            1.000         8.000       7.000      SLICE_X40Y24    count_reg[0]/C
Min Period        n/a     FDRE/C   n/a            1.000         8.000       7.000      SLICE_X40Y26    count_reg[10]/C
Min Period        n/a     FDRE/C   n/a            1.000         8.000       7.000      SLICE_X40Y26    count_reg[11]/C
Min Period        n/a     FDRE/C   n/a            1.000         8.000       7.000      SLICE_X40Y27    count_reg[12]/C
Min Period        n/a     FDRE/C   n/a            1.000         8.000       7.000      SLICE_X40Y27    count_reg[13]/C
Min Period        n/a     FDRE/C   n/a            1.000         8.000       7.000      SLICE_X40Y27    count_reg[14]/C
Min Period        n/a     FDRE/C   n/a            1.000         8.000       7.000      SLICE_X40Y27    count_reg[15]/C
Min Period        n/a     FDRE/C   n/a            1.000         8.000       7.000      SLICE_X40Y28    count_reg[16]/C
Low Pulse Width   Slow    FDRE/C   n/a            0.500         4.000       3.500      SLICE_X40Y24    count_reg[0]/C
Low Pulse Width   Fast    FDRE/C   n/a            0.500         4.000       3.500      SLICE_X40Y24    count_reg[0]/C
Low Pulse Width   Slow    FDRE/C   n/a            0.500         4.000       3.500      SLICE_X40Y26    count_reg[10]/C
Low Pulse Width   Fast    FDRE/C   n/a            0.500         4.000       3.500      SLICE_X40Y26    count_reg[10]/C
Low Pulse Width   Slow    FDRE/C   n/a            0.500         4.000       3.500      SLICE_X40Y26    count_reg[11]/C
Low Pulse Width   Fast    FDRE/C   n/a            0.500         4.000       3.500      SLICE_X40Y26    count_reg[11]/C
Low Pulse Width   Slow    FDRE/C   n/a            0.500         4.000       3.500      SLICE_X40Y27    count_reg[12]/C
Low Pulse Width   Slow    FDRE/C   n/a            0.500         4.000       3.500      SLICE_X40Y27    count_reg[13]/C
Low Pulse Width   Slow    FDRE/C   n/a            0.500         4.000       3.500      SLICE_X40Y27    count_reg[14]/C
Low Pulse Width   Slow    FDRE/C   n/a            0.500         4.000       3.500      SLICE_X40Y27    count_reg[15]/C
High Pulse Width  Fast    FDRE/C   n/a            0.500         4.000       3.500      SLICE_X42Y28    clk_1_reg/C
High Pulse Width  Fast    FDRE/C   n/a            0.500         4.000       3.500      SLICE_X40Y27    count_reg[12]/C
High Pulse Width  Fast    FDRE/C   n/a            0.500         4.000       3.500      SLICE_X40Y27    count_reg[13]/C
High Pulse Width  Fast    FDRE/C   n/a            0.500         4.000       3.500      SLICE_X40Y27    count_reg[14]/C
High Pulse Width  Fast    FDRE/C   n/a            0.500         4.000       3.500      SLICE_X40Y27    count_reg[15]/C
High Pulse Width  Fast    FDRE/C   n/a            0.500         4.000       3.500      SLICE_X40Y28    count_reg[16]/C
High Pulse Width  Fast    FDRE/C   n/a            0.500         4.000       3.500      SLICE_X40Y28    count_reg[17]/C
High Pulse Width  Fast    FDRE/C   n/a            0.500         4.000       3.500      SLICE_X40Y28    count_reg[18]/C
High Pulse Width  Fast    FDRE/C   n/a            0.500         4.000       3.500      SLICE_X40Y28    count_reg[19]/C
High Pulse Width  Fast    FDRE/C   n/a            0.500         4.000       3.500      SLICE_X40Y29    count_reg[20]/C



